group,obs,b0,b1,x,B0,B1,E,y
1,1,-11.209512931044252,0.8575324934416405,4.058441056404263,20,2,-20.93639449958927,-0.5487802392407204
2,1,-4.603549789665599,0.23045810299460115,7.225089315325022,20,2,-14.185669428356142,17.326039790204668
3,1,31.17416628298248,-0.632530617303267,0.5963382846675813,20,2,-10.763966949383807,41.22567367961148
4,1,1.41016782849152,-0.34342642594676304,3.3034922322258353,20,2,-10.786788626723538,16.095857135763442
1,2,-11.209512931044252,0.8575324934416405,7.767640019301325,20,2,1.0718881656708052,32.05865898713774
2,2,-4.603549789665599,0.23045810299460115,8.404593451414257,20,2,15.984875483247432,50.12741925966412
3,2,31.17416628298248,-0.632530617303267,8.705815302673727,20,2,-15.153241440649666,47.92586072015183
4,2,1.41016782849152,-0.34342642594676304,9.530419015791267,20,2,4.336760205966114,41.534768325671905
1,3,-11.209512931044252,0.8575324934416405,3.8395575247704983,20,2,8.995447533210394,28.757594989636196
2,3,-4.603549789665599,0.23045810299460115,9.506319665815681,20,2,-9.895322022888756,26.704575915721158
3,3,31.17416628298248,-0.632530617303267,7.041046256199479,20,2,-0.527994015224791,60.274587445261936
4,3,1.41016782849152,-0.34342642594676304,4.219813938252628,20,2,8.236109026220568,36.63670911224291
1,4,-11.209512931044252,0.8575324934416405,3.9131609397009015,20,2,-2.555091025473886,17.417380580743814
2,4,-4.603549789665599,0.23045810299460115,2.1056674560531974,20,2,-2.2068434725121295,17.886209777388153
3,4,31.17416628298248,-0.632530617303267,7.524801809340715,20,2,3.0772679121061786,64.54137028022306
4,4,1.41016782849152,-0.34342642594676304,4.450778504833579,20,2,-0.6001325333327088,28.183077350230295
1,5,-11.209512931044252,0.8575324934416405,4.533148424234241,20,2,-5.556528899392178,16.187577089406687
2,5,-4.603549789665599,0.23045810299460115,0.8325085928663611,20,2,-1.3861501946089108,15.867175552496898
3,5,31.17416628298248,-0.632530617303267,3.651690287515521,20,2,18.82839792386471,74.9961388701157
4,5,1.41016782849152,-0.34342642594676304,8.949529058299959,20,2,8.736686796060283,44.97240796275307
1,6,-11.209512931044252,0.8575324934416405,5.4443784593604505,20,2,-9.145970728276232,15.202004694895741
2,6,-4.603549789665599,0.23045810299460115,0.30827066395431757,20,2,-12.449176223313197,3.6348587873536378
3,6,31.17416628298248,-0.632530617303267,3.8843308319337666,20,2,-3.599822406826077,52.88604736109076
4,6,1.41016782849152,-0.34342642594676304,1.1339524597860873,20,2,13.28774700947984,36.576390517085656
1,7,-11.209512931044252,0.8575324934416405,2.7725445898249745,20,2,2.926791184169529,19.63991450806597
2,7,-4.603549789665599,0.23045810299460115,7.195198310073465,20,2,-7.015052368406614,24.42998621528421
3,7,31.17416628298248,-0.632530617303267,3.7602518498897552,20,2,8.822345678180202,65.13854123711567
4,7,1.41016782849152,-0.34342642594676304,6.344599544536322,20,2,-1.3337038872289195,30.586759884691674
1,8,-11.209512931044252,0.8575324934416405,4.967477924656123,20,2,-11.20678499291418,11.778431656200482
2,8,-4.603549789665599,0.23045810299460115,8.074864577502012,20,2,4.611924542117884,38.019021879925724
3,8,31.17416628298248,-0.632530617303267,5.821884081233293,20,2,15.241428101788115,74.37684261546663
4,8,1.41016782849152,-0.34342642594676304,1.7201280337758362,20,2,4.344682981328278,28.604369454561002
1,9,-11.209512931044252,0.8575324934416405,9.372910396195948,20,2,1.9200037113892878,37.49388679559192
2,9,-4.603549789665599,0.23045810299460115,0.5381087469868362,20,2,-6.562431284170579,10.034247941172882
3,9,31.17416628298248,-0.632530617303267,0.8723218715749681,20,2,5.683985308695275,58.05102504291324
4,9,1.41016782849152,-0.34342642594676304,8.415580056607723,20,2,-10.705705348903855,24.64549001169346
1,10,-11.209512931044252,0.8575324934416405,4.208892609458417,20,2,-16.531490244808914,4.2860442170806365
2,10,-4.603549789665599,0.23045810299460115,7.174860527738929,20,2,-0.433527684937541,30.966148327348275
3,10,31.17416628298248,-0.632530617303267,7.361507310997695,20,2,-0.34593505799038315,60.89486708327961
4,10,1.41016782849152,-0.34342642594676304,9.874705451074988,20,2,23.65055532002811,61.41889925032991
1,11,-11.209512931044252,0.8575324934416405,9.609671195503324,20,2,-12.163473078918987,24.08696168247769
2,11,-4.603549789665599,0.23045810299460115,1.4179373439401388,20,2,1.7090632334904408,20.268163282154767
3,11,31.17416628298248,-0.632530617303267,6.649513158481568,20,2,8.050530936221934,68.31770287326701
4,11,1.41016782849152,-0.34342642594676304,0.3315424220636487,20,2,10.505928441158849,32.46532068471861
1,12,-11.209512931044252,0.8575324934416405,4.945133505389094,20,2,-0.10724484659323583,22.81412189841881
2,12,-4.603549789665599,0.23045810299460115,7.9135242267511785,20,2,-7.4325614142925165,25.614673030843143
3,12,31.17416628298248,-0.632530617303267,3.792097535915673,20,2,-0.6578405186998708,55.70190304084702
4,12,1.41016782849152,-0.34342642594676304,9.482993613928556,20,2,19.397559919371588,56.51700437161276
1,13,-11.209512931044252,0.8575324934416405,6.606757803820074,20,2,4.827390081758329,32.49690225142907
2,13,-4.603549789665599,0.23045810299460115,4.327650952618569,20,2,-20.44477072558074,4.604323618954055
3,13,31.17416628298248,-0.632530617303267,8.38682598201558,20,2,14.234591286502493,76.87748531789674
4,13,1.41016782849152,-0.34342642594676304,8.046987229026854,20,2,5.405026609150811,40.1456208319921
1,14,-11.209512931044252,0.8575324934416405,4.270623051561415,20,2,-0.3357177183752501,20.658213487658138
2,14,-4.603549789665599,0.23045810299460115,3.2939050951972604,20,2,-0.17863621110098638,22.564731309311348
3,14,31.17416628298248,-0.632530617303267,5.650405129417777,20,2,-1.497897197934033,57.40302509935984
4,14,1.41016782849152,-0.34342642594676304,8.612291719764471,20,2,2.565594809552497,38.24265751304334
1,15,-11.209512931044252,0.8575324934416405,5.85871024755761,20,2,-5.038669330370165,20.49327264064097
2,15,-4.603549789665599,0.23045810299460115,6.451201282907277,20,2,2.77011251660008,32.55569690244418
3,15,31.17416628298248,-0.632530617303267,7.670840695500374,20,2,-9.31356024820741,52.350245825415946
4,15,1.41016782849152,-0.34342642594676304,6.928570240270346,20,2,2.001468752747567,34.88932294724263
1,16,-11.209512931044252,0.8575324934416405,8.667976828292012,20,2,11.068374206664453,44.627886714863834
2,16,-4.603549789665599,0.23045810299460115,0.9469755226746202,20,2,5.092061136538014,22.600700574759568
3,16,31.17416628298248,-0.632530617303267,6.099392941687256,20,2,10.337496764511126,69.8523961482875
4,16,1.41016782849152,-0.34342642594676304,2.408747896552086,20,2,-10.908687618026175,14.491748322449851
1,17,-11.209512931044252,0.8575324934416405,4.696416589431465,20,2,0.5479278447259681,22.758577920720494
2,17,-4.603549789665599,0.23045810299460115,2.8392208670265973,20,2,6.1725030272206265,27.90171642660586
3,17,31.17416628298248,-0.632530617303267,9.184412786271423,20,2,-10.680048677332843,53.053520888924204
4,17,1.41016782849152,-0.34342642594676304,3.9974404918029904,20,2,15.658143370584597,43.690365481647326
1,18,-11.209512931044252,0.8575324934416405,5.653446603100747,20,2,-10.348080109852615,14.597314327400783
2,18,-4.603549789665599,0.23045810299460115,0.8087701234035194,20,2,1.6451870850583972,18.84556517059812
3,18,31.17416628298248,-0.632530617303267,9.427001848816872,20,2,1.5183233035508061,65.58362598541585
4,18,1.41016782849152,-0.34342642594676304,7.357786053325981,20,2,1.2167030196685444,34.81558478763735
1,19,-11.209512931044252,0.8575324934416405,4.753122162073851,20,2,-2.104245836434682,20.268442255944677
2,19,-4.603549789665599,0.23045810299460115,1.818432486616075,20,2,4.499367871462047,23.95175555631789
3,19,31.17416628298248,-0.632530617303267,7.303668805398047,20,2,-10.311644918974629,50.8500648367469
4,19,1.41016782849152,-0.34342642594676304,6.146270439494401,20,2,-12.893641882232227,18.698275135310293
1,20,-11.209512931044252,0.8575324934416405,0.6104159005917609,20,2,-6.545686381132461,3.9890839582776874
2,20,-4.603549789665599,0.23045810299460115,0.5329538322985172,20,2,-0.5732410384777965,16.011940365628856
3,20,31.17416628298248,-0.632530617303267,4.552563149482012,20,2,12.567478203570461,69.96713520626301
4,20,1.41016782849152,-0.34342642594676304,1.8096213694661856,20,2,15.87454139864543,40.28248016683666
1,21,-11.209512931044252,0.8575324934416405,4.913059240207076,20,2,3.194814625447458,26.024528115498622
2,21,-4.603549789665599,0.23045810299460115,9.818714482244104,20,2,3.815916226931482,41.11259771517769
3,21,31.17416628298248,-0.632530617303267,2.2412210726179183,20,2,-2.4364488363944514,51.802518643247765
4,21,1.41016782849152,-0.34342642594676304,7.125286553055048,20,2,0.48053084053034095,33.69426008036973
1,22,-11.209512931044252,0.8575324934416405,1.5012605930678546,20,2,-14.04545861101792,-0.9650706162473099
2,22,-4.603549789665599,0.23045810299460115,5.25725839426741,20,2,2.8993372889576423,30.021882084322176
3,22,31.17416628298248,-0.632530617303267,8.284758233930916,20,2,-5.3555358229374495,57.14778368799022
4,22,1.41016782849152,-0.34342642594676304,1.2686054431833327,20,2,3.3467877310054877,26.85849381257461
1,23,-11.209512931044252,0.8575324934416405,8.196832817047834,20,2,-3.459813391545017,28.7533897954337
2,23,-4.603549789665599,0.23045810299460115,2.4600341636687517,20,2,-6.61615734836447,14.267295995968443
3,23,31.17416628298248,-0.632530617303267,0.970179655123502,20,2,-2.1911137680204624,50.30974348905868
4,23,1.41016782849152,-0.34342642594676304,1.6370145347900689,20,2,-3.6690491063370656,20.452953740828736
1,24,-11.209512931044252,0.8575324934416405,6.64355203974992,20,2,10.9457820784237,38.720434972835335
2,24,-4.603549789665599,0.23045810299460115,6.7742811678908765,20,2,2.0920808243712767,32.59828135759162
3,24,31.17416628298248,-0.632530617303267,1.329518761485815,20,2,4.3249142615321565,57.31715674456737
4,24,1.41016782849152,-0.34342642594676304,9.795239847153425,20,2,-12.408535858007763,25.228167452791386
1,25,-11.209512931044252,0.8575324934416405,1.4661247562617064,20,2,14.968217096280178,27.948203295692956
2,25,-4.603549789665599,0.23045810299460115,9.418167539406568,20,2,1.5937044116076196,37.996982725572124
3,25,31.17416628298248,-0.632530617303267,7.00351744890213,20,2,-8.562814034032533,52.18844793150594
4,25,1.41016782849152,-0.34342642594676304,5.679629035294056,20,2,3.0904664544682117,33.909357653253345
1,26,-11.209512931044252,0.8575324934416405,2.4634898942895234,20,2,8.70434029844877,24.534329787601944
2,26,-4.603549789665599,0.23045810299460115,3.4087153244763613,20,2,-13.83677138301561,9.162675543598965
3,26,31.17416628298248,-0.632530617303267,8.397619454190135,20,2,16.901069700305612,79.55872347443156
4,26,1.41016782849152,-0.34342642594676304,9.215214662253857,20,2,-1.5803070517836224,35.09554186542557
1,27,-11.209512931044252,0.8575324934416405,5.1536488719284534,20,2,11.211707806486448,34.72891398676661
2,27,-4.603549789665599,0.23045810299460115,8.881121983285993,20,2,0.7226131908891508,35.92803389252728
3,27,31.17416628298248,-0.632530617303267,7.040722030214965,20,2,-3.324228445667241,57.47790964571259
4,27,1.41016782849152,-0.34342642594676304,4.237627896945924,20,2,-18.34920046626864,10.08090975297429
1,28,-11.209512931044252,0.8575324934416405,3.0026910337619483,20,2,-11.001722185871914,6.369052079824469
2,28,-4.603549789665599,0.23045810299460115,9.633844406343997,20,2,-0.41340299917430945,36.47093353027927
3,28,31.17416628298248,-0.632530617303267,1.248205960728228,20,2,8.278525451171422,61.15957516874931
4,28,1.41016782849152,-0.34342642594676304,6.803405329119414,20,2,-18.816786541545717,13.863722768737993
1,29,-11.209512931044252,0.8575324934416405,8.198391436599195,20,2,13.754411123242434,45.97206811623407
2,29,-4.603549789665599,0.23045810299460115,2.1627482189796865,20,2,13.989904643029757,34.210274143124536
3,29,31.17416628298248,-0.632530617303267,5.9408717905171216,20,2,-11.433162559109405,47.86496400393196
4,29,1.41016782849152,-0.34342642594676304,1.6169593064114451,20,2,4.723005621931104,28.811785507743277
1,30,-11.209512931044252,0.8575324934416405,4.055265195202082,20,2,-10.336392133542113,10.042147000226542
2,30,-4.603549789665599,0.23045810299460115,2.3888509906828403,20,2,-1.2519997868828363,19.472682472466783
3,30,31.17416628298248,-0.632530617303267,5.275988455396146,20,2,9.28662738846683,67.67554634766498
4,30,1.41016782849152,-0.34342642594676304,6.709548011422157,20,2,8.683396476987715,41.20842423504263
1,31,-11.209512931044252,0.8575324934416405,9.075649701990187,20,2,-8.491746036334778,26.23270495515187
2,31,-4.603549789665599,0.23045810299460115,3.3279718249104917,20,2,-3.86636454475566,18.952987388988078
3,31,31.17416628298248,-0.632530617303267,2.4253649939782917,20,2,-9.761635709971657,44.729142944140584
4,31,1.41016782849152,-0.34342642594676304,3.0998873617500067,20,2,3.395436599049148,29.940795913557338
1,32,-11.209512931044252,0.8575324934416405,2.268055349122733,20,2,-15.590751644337729,-0.3192227183396472
2,32,-4.603549789665599,0.23045810299460115,1.230031345039606,20,2,-26.29325441551361,-8.153270824698271
3,32,31.17416628298248,-0.632530617303267,2.677556255366653,20,2,14.698122818728592,69.53376530137308
4,32,1.41016782849152,-0.34342642594676304,9.23653637059033,20,2,22.73472912994724,59.445899025740296
1,33,-11.209512931044252,0.8575324934416405,0.5648415954783559,20,2,-4.550335402388285,5.854204879294285
2,33,-4.603549789665599,0.23045810299460115,5.014551468193531,20,2,7.611024870948922,34.19222203639906
3,33,31.17416628298248,-0.632530617303267,7.937859361991286,20,2,-0.07502783709721127,61.95391808756098
4,33,1.41016782849152,-0.34342642594676304,8.37927345186472,20,2,14.74313799715992,50.03418879577638
1,34,-11.209512931044252,0.8575324934416405,5.762736683245748,20,2,5.541439325693811,30.799133718172392
2,34,-4.603549789665599,0.23045810299460115,2.4185008998028934,20,2,2.0366396511615097,22.827454790561006
3,34,31.17416628298248,-0.632530617303267,5.820622248575091,20,2,-17.99136451765872,41.142324478493606
4,34,1.41016782849152,-0.34342642594676304,1.3751556724309921,20,2,10.829556807977543,34.51777118362766
1,35,-11.209512931044252,0.8575324934416405,4.8271232401020825,20,2,-3.5085361504685557,19.075612426926188
2,35,-4.603549789665599,0.23045810299460115,0.9368561278097332,20,2,-14.034900847150265,3.451167704797502
3,35,31.17416628298248,-0.632530617303267,3.0496952799148858,20,2,-2.017966649133305,53.326564555687526
4,35,1.41016782849152,-0.34342642594676304,6.767053545918316,20,2,-1.2677815979230331,31.352508308940024
1,36,-11.209512931044252,0.8575324934416405,2.05134988296777,20,2,10.592068726661537,25.244354741615396
2,36,-4.603549789665599,0.23045810299460115,3.949185060337186,20,2,-11.67396032263996,12.53098170574874
3,36,31.17416628298248,-0.632530617303267,8.028531060554087,20,2,-5.576436273184449,56.57650042313548
4,36,1.41016782849152,-0.34342642594676304,2.283206945285201,20,2,14.881199283831595,40.073667401977396
1,37,-11.209512931044252,0.8575324934416405,0.7690751785412431,20,2,13.586657687700313,24.574802069237094
2,37,-4.603549789665599,0.23045810299460115,7.782249078154564,20,2,11.632145439023622,44.38657616525014
3,37,31.17416628298248,-0.632530617303267,6.70139696681872,20,2,16.615239453478807,76.95336090988265
4,37,1.41016782849152,-0.34342642594676304,5.111096736509353,20,2,2.040309798298962,31.91738541492162
1,38,-11.209512931044252,0.8575324934416405,2.1400206023827195,20,2,-5.8188368686977485,9.086828608201174
2,38,-4.603549789665599,0.23045810299460115,1.8769329879432917,20,2,5.552040618634219,25.134911220704602
3,38,31.17416628298248,-0.632530617303267,6.111471757758409,20,2,10.58723125825928,70.11864805319217
4,38,1.41016782849152,-0.34342642594676304,0.38741489639505744,20,2,24.136332714710495,46.18828182276464
1,39,-11.209512931044252,0.8575324934416405,2.294405533466488,20,2,-19.64982332711188,-4.302997893143338
2,39,-4.603549789665599,0.23045810299460115,8.239378896541893,20,2,2.7323570306681737,36.506396664437155
3,39,31.17416628298248,-0.632530617303267,3.003682498820126,20,2,6.547945828696456,61.82955596415748
4,39,1.41016782849152,-0.34342642594676304,0.16091809375211596,20,2,-0.5459865536038313,21.130753936584465
1,40,-11.209512931044252,0.8575324934416405,9.615835917647928,20,2,-15.578222484851116,20.689828170386797
2,40,-4.603549789665599,0.23045810299460115,0.8774669351987541,20,2,7.4150089208624435,24.768612366920745
3,40,31.17416628298248,-0.632530617303267,7.480233970563859,20,2,-7.790857412639195,53.61229980049738
4,40,1.41016782849152,-0.34342642594676304,8.360082125291228,20,2,5.058614988305128,40.31787394246892
1,41,-11.209512931044252,0.8575324934416405,0.15980534721165895,20,2,9.075517060178504,18.32265310141729
2,41,-4.603549789665599,0.23045810299460115,8.528614982496947,20,2,12.839570104745937,47.258738710111814
3,41,31.17416628298248,-0.632530617303267,5.5029726517386734,20,2,-15.578637973855692,43.12067492419688
4,41,1.41016782849152,-0.34342642594676304,3.39687408413738,20,2,10.817418481791165,37.85475815245096
1,42,-11.209512931044252,0.8575324934416405,3.257018718868494,20,2,-7.569813569460193,10.52771032040994
2,42,-4.603549789665599,0.23045810299460115,6.39220112003386,20,2,-12.890194738489608,16.76379225599548
3,42,31.17416628298248,-0.632530617303267,1.2784729665145278,20,2,13.143206659194346,66.06564558049091
4,42,1.41016782849152,-0.34342642594676304,3.1112110149115324,20,2,11.462599732649759,38.02671751174707
1,43,-11.209512931044252,0.8575324934416405,5.830826065503061,20,2,-2.4258326770500362,23.026429337687183
2,43,-4.603549789665599,0.23045810299460115,7.59196238592267,20,2,7.595407062383449,39.925411294029296
3,43,31.17416628298248,-0.632530617303267,5.517031417693943,20,2,-8.603257414230615,50.11528041582429
4,43,1.41016782849152,-0.34342642594676304,6.877873053308576,20,2,-1.5103157905204367,31.293554783774923
1,44,-11.209512931044252,0.8575324934416405,3.712643375620246,20,2,-0.9372323376087193,18.46225381374274
2,44,-4.603549789665599,0.23045810299460115,9.06746856868267,20,2,-2.8074005450400414,32.81365840796148
3,44,31.17416628298248,-0.632530617303267,9.757353237364441,20,2,7.3409873649724275,71.85803545620763
4,44,1.41016782849152,-0.34342642594676304,7.660941814538091,20,2,15.373275354959459,49.47435694577424
1,45,-11.209512931044252,0.8575324934416405,0.12266113655641675,20,2,-4.557710627789024,4.583284624559169
2,45,-4.603549789665599,0.23045810299460115,5.226039758417755,20,2,-0.3265845235572894,26.726328412511943
3,45,31.17416628298248,-0.632530617303267,7.9904625145718455,20,2,16.36757349165498,78.46845261690041
4,45,1.41016782849152,-0.34342642594676304,2.0745557034388185,20,2,-3.2904197052653794,21.556402279444313
1,46,-11.209512931044252,0.8575324934416405,3.862817839253694,20,2,-26.04038170607104,-6.211767145201836
2,46,-4.603549789665599,0.23045810299460115,5.423827788326889,20,2,5.139837864479315,32.63390871453471
3,46,31.17416628298248,-0.632530617303267,7.442530822008848,20,2,-8.86468011111257,52.48691920074376
4,46,1.41016782849152,-0.34342642594676304,3.333324317354709,20,2,-9.985384060039259,16.94668074633112
1,47,-11.209512931044252,0.8575324934416405,3.2491523819044232,20,2,14.208168135848522,32.283213712239466
2,47,-4.603549789665599,0.23045810299460115,4.2374303680844605,20,2,24.479980070152315,49.3278411808561
3,47,31.17416628298248,-0.632530617303267,2.763013490475714,20,2,-10.39782541403543,44.55467722115062
4,47,1.41016782849152,-0.34342642594676304,6.260901496279985,20,2,10.310251816667598,42.092063613646914
1,48,-11.209512931044252,0.8575324934416405,0.43597844894975424,20,2,-0.9414783836963309,9.094831269573627
2,48,-4.603549789665599,0.23045810299460115,6.065347867552191,20,2,1.4180745922044782,30.343029101201687
3,48,31.17416628298248,-0.632530617303267,4.1704909689724445,20,2,12.222367014564032,69.09955200842957
4,48,1.41016782849152,-0.34342642594676304,0.4361902247183025,20,2,2.1367451844106595,24.269494212430864
1,49,-11.209512931044252,0.8575324934416405,9.93407740490511,20,2,-8.513653538607574,28.663782507228934
2,49,-4.603549789665599,0.23045810299460115,6.265610409900546,20,2,-4.704088747428615,24.667542971875783
3,49,31.17416628298248,-0.632530617303267,8.388401516713202,20,2,6.861352552988725,69.50640107984334
4,49,1.41016782849152,-0.34342642594676304,3.9708462986163795,20,2,-23.359473318599008,4.628693554807516
1,50,-11.209512931044252,0.8575324934416405,9.530889857560396,20,2,10.952443818484722,46.97775834683267
2,50,-4.603549789665599,0.23045810299460115,3.783977802377194,20,2,-15.671500988322402,8.164953172875917
3,50,31.17416628298248,-0.632530617303267,8.198950875084847,20,2,0.21931062818382396,62.605291203079425
4,50,1.41016782849152,-0.34342642594676304,0.07226551417261362,20,2,-1.903589775919601,19.62629119366564
1,51,-11.209512931044252,0.8575324934416405,8.737426542211324,20,2,12.930694860243449,46.688662182627496
2,51,-4.603549789665599,0.23045810299460115,0.7394399354234338,20,2,1.8884931505662947,18.934233156543698
3,51,31.17416628298248,-0.632530617303267,8.167042508721352,20,2,1.0193913490521194,63.361738209893765
4,51,1.41016782849152,-0.34342642594676304,5.8604303654283285,20,2,6.98135808858598,38.099759993025224
1,52,-11.209512931044252,0.8575324934416405,6.827463544905186,20,2,-8.270145561904322,20.030040434406242
2,52,-4.603549789665599,0.23045810299460115,7.14157723588869,20,2,-1.958988560663759,29.366450463620357
3,52,31.17416628298248,-0.632530617303267,2.8010527859441936,20,2,11.77584413807768,66.78036434515624
4,52,1.41016782849152,-0.34342642594676304,6.735135582275689,20,2,6.834736209798509,39.402151661553596
1,53,-11.209512931044252,0.8575324934416405,2.9703937843441963,20,2,-12.754967067525273,4.523516758511098
2,53,-4.603549789665599,0.23045810299460115,5.710457747336477,20,2,6.379563674108805,34.512950638798145
3,53,31.17416628298248,-0.632530617303267,0.5470618139952421,20,2,-13.775896246037206,38.146360318026304
4,53,1.41016782849152,-0.34342642594676304,3.4760841680690646,20,2,-5.983108037196699,21.185448965302868
1,54,-11.209512931044252,0.8575324934416405,4.976790843065828,20,2,12.109203838570053,35.121032454649225
2,54,-4.603549789665599,0.23045810299460115,5.316889847163111,20,2,-22.510451754458515,4.745098498210574
3,54,31.17416628298248,-0.632530617303267,8.157683773897588,20,2,-17.790141908808284,44.53940716870109
4,54,1.41016782849152,-0.34342642594676304,5.103264665231109,20,2,13.013726728264249,42.87782794257726
1,55,-11.209512931044252,0.8575324934416405,8.489458016119897,20,2,-8.147927840526547,24.90146136120041
2,55,-4.603549789665599,0.23045810299460115,5.941928632091731,20,2,12.437070185789116,41.08674326098814
3,55,31.17416628298248,-0.632530617303267,5.37895291345194,20,2,-1.6825020075610588,56.84721769553434
4,55,1.41016782849152,-0.34342642594676304,6.270404134411365,20,2,4.277756783629235,36.075310399820786
1,56,-11.209512931044252,0.8575324934416405,2.9197380947880447,20,2,8.132788896292386,25.266522443444362
2,56,-4.603549789665599,0.23045810299460115,5.6723913829773664,20,2,-6.512118693600442,21.53636284025258
3,56,31.17416628298248,-0.632530617303267,9.994999824557453,20,2,-3.0459092314660547,61.79611329165796
4,56,1.41016782849152,-0.34342642594676304,9.204539684578776,20,2,-4.150971696456358,32.50719333483268
1,57,-11.209512931044252,0.8575324934416405,7.69343193853274,20,2,28.16084276022378,58.935561579618536
2,57,-4.603549789665599,0.23045810299460115,8.437327116262168,20,2,1.2614706909757933,35.47702553539322
3,57,31.17416628298248,-0.632530617303267,9.222798685077578,20,2,4.728004231110856,68.51406533871261
4,57,1.41016782849152,-0.34342642594676304,6.007901367265731,20,2,-3.4075354094094985,27.955163059612744
1,58,-11.209512931044252,0.8575324934416405,3.6780192819423974,20,2,-2.417906426546096,16.88264025206494
2,58,-4.603549789665599,0.23045810299460115,7.4700350081548095,20,2,13.787546688573126,45.845597012499766
3,58,31.17416628298248,-0.632530617303267,4.848607392050326,20,2,-3.3888366953739055,54.41565174495445
4,58,1.41016782849152,-0.34342642594676304,0.04810822429135442,20,2,0.20136302760760888,21.691225669154814
1,59,-11.209512931044252,0.8575324934416405,6.731424457393587,20,2,3.769621641410672,31.79537282451636
2,59,-4.603549789665599,0.23045810299460115,4.0364757855422795,20,2,-4.317237450378767,20.082402883359908
3,59,31.17416628298248,-0.632530617303267,9.531820346601307,20,2,19.590641561770326,83.79928033009585
4,59,1.41016782849152,-0.34342642594676304,1.3437141943722963,20,2,-14.284596122211727,9.351533131757172
1,60,-11.209512931044252,0.8575324934416405,3.7771994550712407,20,2,20.112929798456257,39.696887044488136
2,60,-4.603549789665599,0.23045810299460115,8.998570328112692,20,2,-3.515918888791792,31.951465425248355
3,60,31.17416628298248,-0.632530617303267,8.033410098869354,20,2,13.571196468494904,75.73080510032796
4,60,1.41016782849152,-0.34342642594676304,5.064273439347744,20,2,-19.991774110074704,9.80773526981999
1,61,-11.209512931044252,0.8575324934416405,0.1809373591095209,20,2,9.560806214284533,18.868327666173258
2,61,-4.603549789665599,0.23045810299460115,2.5027313199825585,20,2,8.764312649768653,29.74300021237653
3,61,31.17416628298248,-0.632530617303267,3.0598814971745014,20,2,-12.712169715600858,42.646290829448
4,61,1.41016782849152,-0.34342642594676304,6.617240398190916,20,2,-7.683238784896284,24.68887462039583
1,62,-11.209512931044252,0.8575324934416405,0.9817699901759624,20,2,1.9352484547022162,13.531175171671658
2,62,-4.603549789665599,0.23045810299460115,9.652904509566724,20,2,11.438354287970096,48.36520357910072
3,62,31.17416628298248,-0.632530617303267,8.672236579004675,20,2,-7.659993040286745,55.37319124398729
4,62,1.41016782849152,-0.34342642594676304,2.84862571163103,20,2,-2.2412599905329844,23.887865914215094
1,63,-11.209512931044252,0.8575324934416405,4.346872379537672,20,2,15.713469349773357,36.925285488101984
2,63,-4.603549789665599,0.23045810299460115,3.4094904200173914,20,2,-11.273472408514921,11.727703336229736
3,63,31.17416628298248,-0.632530617303267,3.4812997514382005,20,2,9.477939807168582,65.41267691223254
4,63,1.41016782849152,-0.34342642594676304,3.041732180863619,20,2,4.487681892348966,30.936702871006478
1,64,-11.209512931044252,0.8575324934416405,9.145159681793302,20,2,-11.05814528556326,23.864932731829267
2,64,-4.603549789665599,0.23045810299460115,2.8357885126024485,20,2,-6.678678421737812,15.042879254909726
3,64,31.17416628298248,-0.632530617303267,8.678473189938813,20,2,7.832775103021971,70.87448776180022
4,64,1.41016782849152,-0.34342642594676304,8.166912947781384,20,2,2.4895943271212673,37.428854326500655
1,65,-11.209512931044252,0.8575324934416405,1.8458712357096374,20,2,14.250982774674757,28.31610687838007
2,65,-4.603549789665599,0.23045810299460115,2.2722647641785443,20,2,-6.017839620915865,14.446801944829687
3,65,31.17416628298248,-0.632530617303267,6.656258371658623,20,2,-17.144876963794765,43.131518845749696
4,65,1.41016782849152,-0.34342642594676304,4.680792547296733,20,2,10.478269264782647,39.64251433275127
1,66,-11.209512931044252,0.8575324934416405,1.0964006395079195,20,2,-6.086216184341284,5.837271337838539
2,66,-4.603549789665599,0.23045810299460115,1.4564829762093723,20,2,1.2034052682255574,19.848479734719845
3,66,31.17416628298248,-0.632530617303267,3.1717433338053524,20,2,17.190418138518016,72.70184632025178
4,66,1.41016782849152,-0.34342642594676304,6.072029983624816,20,2,-2.5041405231119542,28.964791717111346
1,67,-11.209512931044252,0.8575324934416405,9.47015262208879,20,2,15.495553273969772,51.34730917839579
2,67,-4.603549789665599,0.23045810299460115,4.225861695595086,20,2,-10.971396499324458,13.850661172084505
3,67,31.17416628298248,-0.632530617303267,9.264885785523802,20,2,9.255112361162364,73.09872629003081
4,67,1.41016782849152,-0.34342642594676304,0.9964109375141561,20,2,2.46799211870998,25.52878797518506
1,68,-11.209512931044252,0.8575324934416405,8.662889590486884,20,2,-7.367715393514505,26.177260167354856
2,68,-4.603549789665599,0.23045810299460115,2.604882305022329,20,2,-12.800089388896547,8.406441666022163
3,68,31.17416628298248,-0.632530617303267,2.8403239930048585,20,2,0.7664366359450792,55.824659016300636
4,68,1.41016782849152,-0.34342642594676304,1.6585800773464143,20,2,2.551647624540821,26.709375379615583
1,69,-11.209512931044252,0.8575324934416405,0.2995662810280919,20,2,2.7744681703467835,12.420975621279773
2,69,-4.603549789665599,0.23045810299460115,0.9811864141374826,20,2,5.368560222315483,22.95350562061105
3,69,31.17416628298248,-0.632530617303267,1.198577517643571,20,2,-4.604855659767112,48.20832868138161
4,69,1.41016782849152,-0.34342642594676304,1.9415010954253376,20,2,-5.116037221895809,19.510370015272738
1,70,-11.209512931044252,0.8575324934416405,8.295925969723612,20,2,2.3693787912763065,34.865743881903626
2,70,-4.603549789665599,0.23045810299460115,0.1531426003202796,20,2,-5.415891716216979,10.322136647915451
3,70,31.17416628298248,-0.632530617303267,3.8569090724922717,20,2,12.19227647043073,68.64064782189165
4,70,1.41016782849152,-0.34342642594676304,9.143560098018497,20,2,1.7413587510614925,38.29850661069808
1,71,-11.209512931044252,0.8575324934416405,0.1528566423803568,20,2,-6.152683160964779,3.074596730431228
2,71,-4.603549789665599,0.23045810299460115,3.096510013565421,20,2,-18.06892964085328,4.234156420242037
3,71,31.17416628298248,-0.632530617303267,4.2850268934853375,20,2,-6.4368110589603935,50.596998304895386
4,71,1.41016782849152,-0.34342642594676304,5.621310656424612,20,2,20.460188521328163,51.18247103479655
1,72,-11.209512931044252,0.8575324934416405,9.207654669880867,20,2,-5.6076242113106485,29.49403526521934
2,72,-4.603549789665599,0.23045810299460115,5.1692241919226944,20,2,-8.35999305852858,18.566195136875514
3,72,31.17416628298248,-0.632530617303267,7.400399697944522,20,2,6.5294750277784726,67.82346131741824
4,72,1.41016782849152,-0.34342642594676304,6.17846142500639,20,2,4.412931248429338,36.05817500189375
1,73,-11.209512931044252,0.8575324934416405,2.057495096232742,20,2,7.516290565912752,22.186136727450396
2,73,-4.603549789665599,0.23045810299460115,5.086890407837927,20,2,-2.7797508515533718,23.962795287988648
3,73,31.17416628298248,-0.632530617303267,0.610623478423804,20,2,11.22654216259672,63.23571735667954
4,73,1.41016782849152,-0.34342642594676304,7.7450212789699435,20,2,-11.726088601980095,22.51427680773304
1,74,-11.209512931044252,0.8575324934416405,2.0424686395563185,20,2,-0.4887676797365898,14.138139893586882
2,74,-4.603549789665599,0.23045810299460115,8.570735945831984,20,2,-7.041403372179568,27.47171427716288
3,74,31.17416628298248,-0.632530617303267,5.137718154583126,20,2,6.807586380171834,65.0074249364719
4,74,1.41016782849152,-0.34342642594676304,2.5162134738638997,20,2,1.3000676140213618,26.878528189992515
1,75,-11.209512931044252,0.8575324934416405,8.127494468353689,20,2,11.097080817701364,43.112147420244966
2,75,-4.603549789665599,0.23045810299460115,0.6700255768373609,20,2,20.585008689813456,37.47592287721838
3,75,31.17416628298248,-0.632530617303267,0.26193478843197227,20,2,1.4065553172498402,52.93890940367619
4,75,1.41016782849152,-0.34342642594676304,5.9625631221570075,20,2,-5.3461665219838235,25.94142580829736
1,76,-11.209512931044252,0.8575324934416405,8.468937664292753,20,2,-8.235167265187037,24.755584364417004
2,76,-4.603549789665599,0.23045810299460115,4.523991614114493,20,2,-2.630339822306447,22.85668414160925
3,76,31.17416628298248,-0.632530617303267,5.02177310641855,20,2,-0.6960183636037786,57.345268889255934
4,76,1.41016782849152,-0.34342642594676304,2.0965960738249123,20,2,19.918019147205747,44.80135262705939
1,77,-11.209512931044252,0.8575324934416405,7.155861903447658,20,2,-11.291095427377684,17.947499549260893
2,77,-4.603549789665599,0.23045810299460115,5.363800534978509,20,2,-10.932174365248821,16.428008211175175
3,77,31.17416628298248,-0.632530617303267,0.49139428650960326,20,2,-4.079666903177789,47.76646602143868
4,77,1.41016782849152,-0.34342642594676304,8.22714880341664,20,2,5.875594634983127,40.914639761018364
1,78,-11.209512931044252,0.8575324934416405,2.5249646534211934,20,2,8.211118597374071,24.21677420827249
2,78,-4.603549789665599,0.23045810299460115,5.214489339850843,20,2,-9.079346992418467,17.94780321896522
3,78,31.17416628298248,-0.632530617303267,3.2699210033752024,20,2,1.2703860634958843,56.91606920243094
4,78,1.41016782849152,-0.34342642594676304,1.1036884132772684,20,2,-0.42892977897576484,22.809579108939626
1,79,-11.209512931044252,0.8575324934416405,8.517321709077805,20,2,11.952064704257664,45.08107531399913
2,79,-4.603549789665599,0.23045810299460115,6.246400368399918,20,2,10.891922365020534,40.220706891601
3,79,31.17416628298248,-0.632530617303267,8.480660237837583,20,2,-3.122806944345209,59.64840255893376
4,79,1.41016782849152,-0.34342642594676304,1.260118114296347,20,2,0.459937666619196,23.957583863439844
1,80,-11.209512931044252,0.8575324934416405,6.682516126893461,20,2,6.5272261340154305,34.413220173517026
2,80,-4.603549789665599,0.23045810299460115,6.079330304637551,20,2,-16.53492636596966,12.421215383124206
3,80,31.17416628298248,-0.632530617303267,9.45666357409209,20,2,-3.1027096548004574,61.00315452821642
4,80,1.41016782849152,-0.34342642594676304,5.806244288105518,20,2,5.748728840024815,36.77736752068949
1,81,-11.209512931044252,0.8575324934416405,3.031328530050814,20,2,-5.232321543801185,12.220285298071449
2,81,-4.603549789665599,0.23045810299460115,9.347791373729706,20,2,-0.5991820134818852,35.64712521149097
3,81,31.17416628298248,-0.632530617303267,8.443593622650951,20,2,-0.21007535433706925,62.51044668755398
4,81,1.41016782849152,-0.34342642594676304,4.245733548887074,20,2,-7.236532143163124,21.207005684885992
1,82,-11.209512931044252,0.8575324934416405,4.85665085259825,20,2,-9.944798361783912,12.723726327772381
2,82,-4.603549789665599,0.23045810299460115,7.685201519634575,20,2,-1.9986723499812789,30.53929786296848
3,82,31.17416628298248,-0.632530617303267,2.522768182680011,20,2,-3.470278228070857,51.153696304368026
4,82,1.41016782849152,-0.34342642594676304,8.120399615727365,20,2,8.340950656614535,43.20315789927207
1,83,-11.209512931044252,0.8575324934416405,8.220954081043601,20,2,15.298822124949227,47.58095260757872
2,83,-4.603549789665599,0.23045810299460115,4.173370415810496,20,2,-0.11922379366647194,24.5857542774104
3,83,31.17416628298248,-0.632530617303267,9.163759453222156,20,2,3.986719924915465,67.692046690577
4,83,1.41016782849152,-0.34342642594676304,0.7087567308917642,20,2,-0.7041531390572909,21.88012236026189
1,84,-11.209512931044252,0.8575324934416405,8.10096084838733,20,2,6.013598438811312,37.95284436013242
2,84,-4.603549789665599,0.23045810299460115,4.859044712502509,20,2,2.1849546227879744,28.419300484936667
3,84,31.17416628298248,-0.632530617303267,3.052347251214087,20,2,2.3659550186020866,57.71411271297837
4,84,1.41016782849152,-0.34342642594676304,6.178738332819194,20,2,11.129151276160027,42.77485374778958
1,85,-11.209512931044252,0.8575324934416405,3.192533708643168,20,2,-9.874211493954547,8.039044383856801
2,85,-4.603549789665599,0.23045810299460115,6.523368137422949,20,2,14.478640131254945,44.42518966252116
3,85,31.17416628298248,-0.632530617303267,9.158483063802123,20,2,3.4911241217982925,67.18923558647674
4,85,1.41016782849152,-0.34342642594676304,5.6907903123646975,20,2,1.808220107121947,32.64560078255499
1,86,-11.209512931044252,0.8575324934416405,6.378907058387995,20,2,-5.602418511305788,21.416002749637887
2,86,-4.603549789665599,0.23045810299460115,4.160699807107449,20,2,-1.6387759158252948,23.037940893399988
3,86,31.17416628298248,-0.632530617303267,7.966101511847228,20,2,3.7368480443044354,65.80441424419216
4,86,1.41016782849152,-0.34342642594676304,8.62276194151491,20,2,-20.637142573984217,15.057264822172886
1,87,-11.209512931044252,0.8575324934416405,3.6741712200455368,20,2,-6.015219488380925,13.27433122832306
2,87,-4.603549789665599,0.23045810299460115,4.879385696258396,20,2,5.859916123058095,32.13963169724799
3,87,31.17416628298248,-0.632530617303267,8.963518720120192,20,2,-2.9448178635177493,60.48668583045811
4,87,1.41016782849152,-0.34342642594676304,4.638228497933596,20,2,-8.005275454842627,21.088459133746326
1,88,-11.209512931044252,0.8575324934416405,2.0932799903675914,20,2,-6.356945311349901,8.415157347952444
2,88,-4.603549789665599,0.23045810299460115,6.762562959920615,20,2,2.357490324140435,32.837553885440926
3,88,31.17416628298248,-0.632530617303267,7.341298141982406,20,2,-16.348323848475083,44.86484287291675
4,88,1.41016782849152,-0.34342642594676304,6.526941624470055,20,2,8.712292405822065,40.93481924879879
1,89,-11.209512931044252,0.8575324934416405,2.069142176769674,20,2,-21.689346744359483,-6.986218671733825
2,89,-4.603549789665599,0.23045810299460115,9.607715404126793,20,2,-5.033395223155588,31.792661661579466
3,89,31.17416628298248,-0.632530617303267,0.06897164974361658,20,2,-7.871824789734864,43.3966581125461
4,89,1.41016782849152,-0.34342642594676304,9.02166552376002,20,2,-12.48600209548419,23.869218433615337
1,90,-11.209512931044252,0.8575324934416405,0.8964286022819579,20,2,-10.77907340112954,0.572987526897375
2,90,-4.603549789665599,0.23045810299460115,8.370947770308703,20,2,2.500773536056022,36.56827203042006
3,90,31.17416628298248,-0.632530617303267,5.542060416191816,20,2,-1.1977403121588013,57.55502390702151
4,90,1.41016782849152,-0.34342642594676304,6.034169301856309,20,2,-3.008526324528602,28.39768691078135
1,91,-11.209512931044252,0.8575324934416405,8.113609929569066,20,2,-23.207637755818556,8.767753325991535
2,91,-4.603549789665599,0.23045810299460115,2.6297462498769164,20,2,-13.243207114957858,8.018781927234176
3,91,31.17416628298248,-0.632530617303267,0.3994694631546736,20,2,-1.3130711246270268,50.40735741854177
4,91,1.41016782849152,-0.34342642594676304,1.3828736264258623,20,2,-8.7803515301306,14.920648204153173
1,92,-11.209512931044252,0.8575324934416405,1.053898329846561,20,2,-7.967689303110083,3.834346488166089
2,92,-4.603549789665599,0.23045810299460115,1.7540582059882581,20,2,10.495407129977025,29.80421067898211
3,92,31.17416628298248,-0.632530617303267,9.611799551639706,20,2,1.7558834851734118,66.07389136764138
4,92,1.41016782849152,-0.34342642594676304,1.9402864156290889,20,2,-10.438446216387703,14.185948814329443
1,93,-11.209512931044252,0.8575324934416405,3.321807677857578,20,2,-4.686960150022143,13.595700295375552
2,93,-4.603549789665599,0.23045810299460115,6.923006484284997,20,2,-2.8490348155086953,27.988891304783344
3,93,31.17416628298248,-0.632530617303267,6.934664158616215,20,2,-6.802951812351034,53.85415538682353
4,93,1.41016782849152,-0.34342642594676304,2.8610658831894398,20,2,-9.640536104945644,16.509197859262784
1,94,-11.209512931044252,0.8575324934416405,2.9911925341002643,20,2,-0.5180408200039419,16.819876109283353
2,94,-4.603549789665599,0.23045810299460115,4.299539139028639,20,2,7.411947195197625,32.39833931732088
3,94,31.17416628298248,-0.632530617303267,3.8262916076928377,20,2,2.2685200356729522,58.67502294144485
4,94,1.41016782849152,-0.34342642594676304,9.068165163043886,20,2,-2.0014701271576114,34.43078047558257
1,95,-11.209512931044252,0.8575324934416405,5.347612982150167,20,2,3.87820244768823,27.94966737548843
2,95,-4.603549789665599,0.23045810299460115,6.074073712807149,20,2,7.939183670514974,36.88360081176658
3,95,31.17416628298248,-0.632530617303267,5.043730530887842,20,2,-1.4051395824836361,56.66617377606071
4,95,1.41016782849152,-0.34342642594676304,5.044107032008469,20,2,4.558051989458743,34.3241542318716
1,96,-11.209512931044252,0.8575324934416405,4.236517094541341,20,2,-11.45572907085964,9.440743254768961
2,96,-4.603549789665599,0.23045810299460115,2.175347018055618,20,2,-2.4965068816887053,17.75196371189299
3,96,31.17416628298248,-0.632530617303267,3.1925021833740175,20,2,-4.202982754940417,51.33683251799851
4,96,1.41016782849152,-0.34342642594676304,2.4162012757733464,20,2,1.9566450356004084,27.369428047131773
1,97,-11.209512931044252,0.8575324934416405,0.01152385026216507,20,2,3.5731951384298415,12.396611983959282
2,97,-4.603549789665599,0.23045810299460115,2.2381716105155647,20,2,-1.236179789973376,19.15241842492794
3,97,31.17416628298248,-0.632530617303267,9.69164622016251,20,2,-7.6621422278980145,56.76505352908522
4,97,1.41016782849152,-0.34342642594676304,4.324028652627021,20,2,-9.297142167847186,19.27609726003528
1,98,-11.209512931044252,0.8575324934416405,9.633071285206825,20,2,2.7852061060207927,39.102507384094665
2,98,-4.603549789665599,0.23045810299460115,2.55820115795359,20,2,13.568368522754184,34.67077923493634
3,98,31.17416628298248,-0.632530617303267,1.3543053902685642,20,2,-7.871355949296951,45.15478148969895
4,98,1.41016782849152,-0.34342642594676304,5.625920265447348,20,2,-3.847986722971946,26.881931946990225
1,99,-11.209512931044252,0.8575324934416405,4.332493410911411,20,2,3.306805602519427,24.477533370776335
2,99,-4.603549789665599,0.23045810299460115,8.628941264469177,20,2,-5.546204500628299,29.09673767330586
3,99,31.17416628298248,-0.632530617303267,9.154769445303828,20,2,1.2157231482045274,64.90875635328754
4,99,1.41016782849152,-0.34342642594676304,6.183089313562959,20,2,-0.47596116978360237,31.176949021567285
1,100,-11.209512931044252,0.8575324934416405,8.409306311514229,20,2,-7.762515905666826,25.057837195744703
2,100,-4.603549789665599,0.23045810299460115,2.8825511829927564,20,2,8.314412511383114,30.14027236512038
3,100,31.17416628298248,-0.632530617303267,8.99128534598276,20,2,8.463078372229702,71.9325520769334
4,100,1.41016782849152,-0.34342642594676304,1.4110324322246015,20,2,10.24139506657201,33.98904193441887
5,1,2.585754703218925,-0.22283098504997903,1.4191686338745058,20,2,12.679965861823758,37.7878230881534
5,2,2.585754703218925,-0.22283098504997903,5.7956757908686996,20,2,-5.063617879225754,27.822032260220986
5,3,2.585754703218925,-0.22283098504997903,9.950207681395113,20,2,-4.644818965083053,35.62413652182895
5,4,2.585754703218925,-0.22283098504997903,5.3347985236905515,20,2,2.612180004917402,34.67877334544029
5,5,2.585754703218925,-0.22283098504997903,1.2851057504303753,20,2,6.30080976551625,31.17041458933413
5,6,2.585754703218925,-0.22283098504997903,1.7711940500885248,20,2,-3.396261562249037,22.337204326251047
5,7,2.585754703218925,-0.22283098504997903,7.74550273315981,20,2,-4.23344808400481,32.11737408179643
5,8,2.585754703218925,-0.22283098504997903,6.505111022852361,20,2,-6.18271527554652,27.963721176295458
5,9,2.585754703218925,-0.22283098504997903,5.5617403937503695,20,2,14.822018907267424,47.29192630745543
5,10,2.585754703218925,-0.22283098504997903,7.455071527510881,20,2,-25.081663520414757,10.75301330573263
5,11,2.585754703218925,-0.22283098504997903,3.432128760032356,20,2,-1.6757803378387974,27.009447253028465
5,12,2.585754703218925,-0.22283098504997903,3.9124022936448455,20,2,0.38212877053534133,29.92088360403928
5,13,2.585754703218925,-0.22283098504997903,3.5218956181779504,20,2,-10.596096029935698,18.248662439797332
5,14,2.585754703218925,-0.22283098504997903,6.227921054232866,20,2,3.8542589482063767,37.50808197656282
5,15,2.585754703218925,-0.22283098504997903,1.6074593015946448,20,2,-19.670876838101062,5.771604728705068
5,16,2.585754703218925,-0.22283098504997903,2.4643553234636784,20,2,9.549688611119183,36.515019237024894
5,17,2.585754703218925,-0.22283098504997903,9.476689212024212,20,2,-16.633605848705958,22.793827286433523
5,18,2.585754703218925,-0.22283098504997903,9.883416248485446,20,2,-22.02734880097026,18.122907020910574
5,19,2.585754703218925,-0.22283098504997903,5.35662978887558,20,2,-7.635638257920285,24.469752930646592
5,20,2.585754703218925,-0.22283098504997903,0.4530768655240536,20,2,1.6208039391232125,25.011752809142163
5,21,2.585754703218925,-0.22283098504997903,6.02266454603523,20,2,-6.515671647641642,26.773375874229128
5,22,2.585754703218925,-0.22283098504997903,7.216793172992766,20,2,-5.592869952776186,29.818345964788332
5,23,2.585754703218925,-0.22283098504997903,5.830228764098138,20,2,3.3320497505777946,36.27910636342229
5,24,2.585754703218925,-0.22283098504997903,5.264734441880137,20,2,-10.589009214884515,21.353068410383983
5,25,2.585754703218925,-0.22283098504997903,3.537667456548661,20,2,-0.8584954576047259,28.01429223458953
5,26,2.585754703218925,-0.22283098504997903,0.8006178517825902,20,2,4.979329929293943,28.987917871516736
5,27,2.585754703218925,-0.22283098504997903,1.2839281628839672,20,2,16.339896567086086,41.2074086188041
5,28,2.585754703218925,-0.22283098504997903,3.658753896597773,20,2,4.794518812401966,33.88249757398211
5,29,2.585754703218925,-0.22283098504997903,6.001464955043048,20,2,17.14762992166759,50.39900218729744
5,30,2.585754703218925,-0.22283098504997903,2.378433686681092,20,2,4.531600335297158,31.34423369059906
